Word, meaning
Courage, the ability to control fear in a situation that may be dangerous or unpleasant.
Wisdom, the ability to make sensible decisions and judgements because of your knowledge or experience.
Discover, to find information, a place, or an object, especially for the first time.
Boldly, in a brave and confident way.
Brave, having or showing courage.
Unique , being the only one of its kind; unlike anything else.
Inspire, to make someone feel that they want to do something and can do it.
Journey, the act of traveling from one place to another.
Patiently, in a way that shows you are willing to wait for a long time without becoming annoyed or anxious.
Gentle, having or showing a mild, kind, or tender temperament.
Transform, to change something completely, usually in a good way.
Fortune , luck or chance.
Fetch, to go to another place to get something or someone and bring it back.